customer_id,customer_name,id_number,age,gender,num_products,credit_score,loans_taken
1,Sally Lambert,557-67-7454,20,Female,5,850,7
2,Tasha Levy,523-25-3539,42,Female,3,295,1
3,Michael Perry,532-83-8069,35,Female,5,100,2
4,Christina Stevenson,770-05-1771,50,Male,4,393,1
5,Connie Klein,164-44-0447,66,Female,5,139,1
6,Sean Davis,332-99-8719,55,Female,5,617,7
7,Joseph Farmer,370-35-4160,28,Female,3,421,4
8,Christian Kelly,372-69-2951,27,Male,5,453,2
9,Michael Hill,722-93-0552,46,Female,2,342,3
10,Charlene Waters,263-07-7686,39,Female,2,166,0
11,Paul Graham,067-99-1291,28,Male,5,100,3
12,Jessica Richardson,649-21-2780,56,Male,2,100,2
13,Melanie Martinez,223-96-9841,24,Male,4,100,3
14,Robert Khan,106-34-1371,22,Male,5,387,7
15,Travis Davis,022-86-6724,64,Female,4,162,2
16,Ashley Sweeney,021-34-3990,33,Female,1,100,0
17,Robert Reyes,860-08-2634,34,Male,1,100,4
18,Leslie Hall,101-86-3733,19,Male,3,361,3
19,Gina Kane,153-43-6831,52,Male,3,282,0
20,Luis Pope,283-84-2347,64,Female,2,300,1
21,Dr. Maria Brown MD,363-52-3593,41,Male,5,100,0
22,Nancy Lewis,793-98-9939,44,Female,2,100,0
23,James Bennett,180-76-0119,59,Female,1,850,6
24,Darlene Anderson,175-79-4428,50,Female,2,406,2
25,Toni Parker,336-08-2043,63,Female,4,636,6
26,Wanda Walker,508-30-9126,38,Male,3,331,3
27,Paige Anderson,365-60-1964,18,Male,2,100,0
28,James Odom,434-95-5798,69,Male,4,167,1
29,Corey Thompson,886-81-0819,24,Male,5,536,5
30,Christopher Hamilton,496-65-7763,66,Male,5,100,1
31,Julie Leblanc,242-07-0334,24,Male,1,385,7
32,Christina Meza,583-94-0369,70,Female,3,100,0
33,Tony Jackson,708-33-6597,42,Male,4,823,7
34,Christina Owens,550-85-0218,68,Male,3,137,0
35,Dr. Margaret Miller DDS,064-27-2128,35,Female,2,100,0
36,Melissa Cooper,534-95-7949,39,Male,2,100,3
37,Mrs. Sherri Schroeder,510-99-8535,35,Female,1,139,1
38,Juan Jackson,325-53-0551,21,Male,5,100,0
39,Dr. Nicholas Thornton,594-90-5844,68,Male,4,420,5
40,Anthony Reed,515-97-0760,67,Male,2,189,0
41,Dustin Morris,820-67-2604,25,Female,5,850,6
42,Joshua Gonzalez,732-49-3162,26,Male,5,816,7
43,Cody Wade,738-53-4211,28,Female,3,163,2
44,Joshua Medina,092-67-2679,66,Male,2,426,4
45,Eric Johnson,813-23-0844,66,Male,2,438,5
46,Maria Anderson,106-91-1150,69,Male,5,478,1
47,Luke Reyes,828-18-8056,66,Male,2,524,7
48,Virginia Lane,531-04-2263,68,Female,2,827,7
49,Kenneth Mendoza,338-95-6778,43,Male,2,327,1
50,Brittany Banks,008-35-8141,51,Male,2,330,2
51,Haley Beasley,210-95-2405,37,Female,1,734,6
52,Fernando Hurley,647-58-2283,51,Male,1,100,4
53,William Thompson,006-45-2648,63,Male,4,826,5
54,Bobby James,277-95-3599,40,Female,2,307,2
55,Carol Wallace,822-89-4056,42,Female,3,100,0
56,Darrell Rivera,005-31-3566,36,Female,1,382,1
57,Melissa Harper,763-45-2984,64,Male,1,439,3
58,Timothy Carter,104-71-0973,40,Female,2,244,1
59,Sheryl James,764-05-9259,29,Female,4,342,2
60,Karen Gillespie,792-63-9997,25,Female,1,489,6
61,John Norris III,713-85-6507,48,Female,1,364,0
62,Jack Holt,064-65-4279,65,Male,4,100,0
63,Toni Smith,192-43-3008,67,Male,5,403,2
64,Mitchell Mccann,131-71-2195,43,Male,2,364,3
65,Cindy Carrillo,553-68-0010,54,Male,1,850,5
66,Tanya Norman,126-26-9639,70,Female,1,850,7
67,Adam Morgan DDS,274-79-7054,52,Female,3,540,4
68,Heather Williamson,490-72-0435,53,Male,4,529,3
69,Robert House,590-92-9698,46,Male,3,546,5
70,Jamie Cox,164-93-9614,28,Female,2,588,6
71,Erika Allison,278-01-2524,63,Male,3,217,1
72,Beverly Shaw,345-30-1312,21,Female,5,100,0
73,Abigail Wilson,104-85-5504,48,Male,5,100,2
74,Matthew Frazier,603-21-0114,26,Female,2,275,4
75,Garrett Vargas,510-50-4581,20,Male,1,346,4
76,Melvin Rangel,047-96-4195,38,Male,5,100,0
77,Jon Johnson,474-73-8057,48,Male,1,100,0
78,Amy Brown,664-36-4063,22,Male,3,309,4
79,Richard Sweeney,778-57-7292,51,Female,1,605,7
80,Mark Parsons,396-47-8065,27,Female,2,211,5
81,Christopher Leonard,711-17-9554,45,Male,5,100,1
82,Reginald Davis,753-18-7951,27,Female,5,180,2
83,Jacob Turner,023-60-2919,30,Male,5,405,4
84,Hannah Douglas,337-94-4067,52,Male,2,850,6
85,Christopher Case,558-26-2021,69,Female,1,244,4
86,Erica White,807-10-4587,63,Female,2,533,5
87,David Rivera,518-80-1414,26,Male,2,467,4
88,Melanie Foster,321-43-2855,39,Male,1,783,7
89,Devon Barr,592-84-0019,66,Male,1,290,3
90,Sergio Walsh,322-19-0346,32,Female,1,212,6
91,Aaron Holmes,454-23-4164,26,Female,3,503,4
92,David Welch,481-05-1898,29,Male,1,221,0
93,Wendy Cox,221-29-3577,60,Female,5,780,7
94,Barbara Trujillo,150-61-3290,67,Male,1,100,3
95,Allison Wheeler,708-63-8496,40,Male,1,331,5
96,Lindsay Murphy,503-40-7472,61,Female,2,374,2
97,Lawrence Hernandez,053-80-1733,61,Female,5,522,5
98,Heather Maddox,074-08-4034,39,Female,3,539,7
99,Timothy Robinson,457-63-0189,67,Male,3,804,6
100,Christopher Mcgrath,782-07-9901,22,Male,5,249,6
101,Alyssa Terrell,701-99-5562,46,Female,3,398,7
102,David Dixon,301-97-8043,30,Female,2,799,5
103,Madeline Diaz,046-41-8666,70,Male,1,360,6
104,John Knox,878-81-9324,54,Female,3,100,2
105,John Leonard,109-63-9682,19,Male,1,340,0
106,Mark Parker,267-22-0081,35,Female,5,180,2
107,Christopher Fitzgerald,443-53-4037,42,Male,4,585,7
108,Matthew Wheeler,762-80-3845,47,Male,5,479,6
109,Oscar Jennings,631-22-1526,28,Male,5,308,4
110,Joshua Anderson,603-14-2599,67,Male,3,850,5
111,Brandon Pham,731-07-9675,33,Female,2,100,1
112,Mr. David Wood DDS,120-12-0286,49,Female,4,381,5
113,Alexandra Peterson,185-44-5142,36,Female,3,840,5
114,Latoya Kane,015-38-7067,29,Male,3,693,5
115,James Dougherty,149-08-7620,56,Male,2,620,4
116,Kelly Mcdaniel,367-53-5519,70,Female,4,274,4
117,Amanda House,266-99-7165,68,Female,2,100,4
118,Lawrence Burke,260-66-9363,18,Female,1,405,5
119,Tyler Davis,548-81-2760,42,Male,2,297,5
120,David Thompson,092-45-0790,41,Female,2,100,4
121,Sydney David,634-39-4747,19,Female,1,100,2
122,Eugene Ortiz,720-55-2017,32,Female,1,609,3
123,Christian Harris,270-59-8203,24,Male,5,374,1
124,Micheal Johnson,211-25-3927,19,Female,3,358,1
125,Elizabeth Cantu,196-50-1003,35,Male,2,680,6
126,Richard Andrews,621-62-1790,29,Female,2,545,6
127,Lori Cochran,108-66-9881,42,Female,3,100,4
128,Lisa Jones,856-70-4091,59,Female,3,100,1
129,Gregory Sullivan DDS,002-12-2375,35,Female,1,570,5
130,Dawn Jones,817-07-4897,22,Female,3,659,5
131,Sean Levine,860-90-9595,32,Male,2,847,6
132,Shannon Martin,489-44-6809,70,Male,2,301,5
133,Michele Hill,781-92-9522,53,Female,2,100,4
134,Joseph Todd,326-06-5794,37,Male,3,100,1
135,Mitchell Perkins,046-75-9537,39,Female,1,222,5
136,Charles Johnson,137-17-0926,54,Female,4,638,5
137,Jodi Miller,734-17-3489,54,Female,4,303,1
138,David Flores,549-53-9419,65,Male,4,100,3
139,Steven Holden,183-22-7641,67,Female,2,100,0
140,Paul Henry,417-48-5729,50,Female,2,573,3
141,Carol Villarreal,040-32-1590,59,Female,5,580,2
142,Mary Randall,157-40-4373,44,Male,3,838,7
143,Jason Mitchell,346-04-8217,65,Female,5,850,7
144,Justin Pena,140-36-5058,26,Female,2,100,2
145,Crystal Stewart,629-21-0277,54,Female,5,100,1
146,Alex Mcgrath,446-70-9060,29,Male,1,266,6
147,John Herrera,289-67-2467,19,Male,5,100,0
148,Denise Thompson,306-93-6114,61,Female,5,209,0
149,Todd Torres,547-96-4114,52,Female,4,841,7
150,Mary Bennett,797-14-5942,60,Female,5,741,6
151,Olivia Werner,350-46-1110,33,Male,2,412,2
152,Elizabeth Walker,581-44-6563,53,Female,4,147,5
153,Holly Stevens,814-18-1797,18,Male,5,477,4
154,John Clark,161-20-7816,70,Male,1,252,0
155,Gavin Lynch,800-10-4283,28,Female,3,100,1
156,Melissa Rush,828-20-4059,51,Female,1,380,3
157,Dawn Jackson,224-66-2569,30,Male,5,607,7
158,Cameron Wallace,403-60-9672,54,Female,3,413,2
159,Misty Brown,867-08-7400,40,Female,2,227,0
160,Andrew Cruz,650-85-9422,46,Female,3,175,3
161,Mark Medina,724-22-4475,39,Male,4,100,0
162,Joseph Harris,868-06-1026,34,Female,1,100,2
163,Kevin Cross,863-19-6207,47,Male,1,326,5
164,John Fox,133-14-4166,65,Male,2,850,7
165,Jenny Boyd,093-31-1761,59,Female,3,140,1
166,Steven Glenn,807-44-6037,62,Female,4,564,4
167,Jennifer Rodgers,403-82-4334,56,Female,1,100,1
168,Jimmy Pugh,761-13-2886,23,Female,4,135,4
169,Stacy Riley,815-34-8945,42,Female,5,100,0
170,Sandra Adkins,855-03-8779,56,Male,1,636,3
171,Kimberly Moore,285-87-0816,32,Female,3,563,4
172,Kaitlin Schmidt,079-48-4124,67,Male,5,622,3
173,Angela Graham,087-65-6409,35,Male,1,347,6
174,Felicia Terrell,022-37-6131,48,Female,1,497,4
175,Wayne Harvey,099-08-1335,67,Female,2,245,6
176,Candace Butler,160-57-3490,61,Female,4,432,6
177,Travis Walker,389-84-4127,61,Male,3,699,4
178,Guy Chan,234-17-8936,50,Male,3,400,6
179,Lauren Ferguson,321-07-9593,34,Male,1,326,5
180,Michael Bell,848-10-1281,61,Male,1,241,2
181,Cameron Jordan,351-07-4333,51,Male,4,155,3
182,Sydney Liu,604-71-9538,56,Female,4,100,1
183,Samantha Perez,320-20-9114,55,Male,2,518,2
184,Jacqueline Jones,773-25-6230,69,Female,1,850,7
185,Steven Coleman,893-40-3888,45,Male,1,603,3
186,Jeremy Miller,787-47-2457,66,Male,5,850,7
187,Robert Perez,291-11-6987,25,Male,1,688,5
188,Ian Johnson,335-48-0434,35,Female,5,100,1
189,Mr. Matthew Graham,283-91-0115,68,Male,4,100,3
190,Joseph Gibson,648-55-1449,20,Male,4,850,6
191,Amanda Lynch,840-14-0252,49,Male,2,100,0
192,Ashley Mcguire,165-95-8483,33,Female,5,303,2
193,Jonathan Rogers,315-58-1562,30,Female,3,632,6
194,James Finley,296-64-8709,42,Male,4,167,1
195,Sara Ochoa,412-39-1918,46,Male,2,100,0
196,Christine Miller,864-88-4281,65,Male,4,347,1
197,Todd Mosley,022-01-7817,27,Female,2,499,7
198,Cheryl Carter,293-57-5442,18,Male,3,233,4
199,Chelsea Brown,577-65-8260,67,Male,4,376,6
200,Dawn Finley,698-89-1896,34,Female,1,409,6
201,Alyssa Wells,320-17-4702,58,Male,2,100,2
202,Sean Walker,384-25-3546,20,Male,5,219,5
203,Anita Chen,830-82-3323,45,Female,3,830,6
204,Rachel Dyer,779-88-1172,35,Female,2,621,6
205,Mary Sharp,328-48-7159,33,Female,3,100,1
206,Bryan Hughes,207-19-2616,37,Female,1,779,5
207,Jessica Lee,414-93-2435,25,Female,3,408,7
208,Robert Johnson,099-77-5517,40,Male,3,100,2
209,Jennifer Wong,041-08-3521,24,Male,3,100,1
210,Jacob Freeman,393-10-0178,44,Female,4,302,7
211,Pamela Hodges,664-84-1703,62,Female,3,214,0
212,Kristen Irwin DVM,669-61-3428,68,Male,3,248,0
213,Brenda Jones,068-51-2425,26,Male,4,100,0
214,Joseph Ford,264-29-8808,63,Male,5,290,3
215,Anna Wilkinson,211-69-3800,69,Female,5,702,5
216,Amy Lewis,857-39-7356,51,Male,3,385,0
217,Linda Barrett,268-35-3597,30,Female,4,748,6
218,Nancy Martinez,611-91-2030,52,Male,1,473,2
219,Vincent Rodriguez,016-70-7589,48,Male,2,100,1
220,Crystal Bradley,074-45-4257,66,Male,5,122,2
221,Kathryn Wheeler,876-09-6155,52,Male,2,100,2
222,Mrs. Michelle Martinez,791-87-4631,63,Male,3,600,5
223,Nicole Carlson,141-57-0862,62,Male,1,100,2
224,Linda Kelley,633-38-8278,67,Female,2,399,5
225,Benjamin Robertson,257-74-8788,43,Male,5,196,2
226,Leslie Solis,011-48-1874,23,Male,5,100,2
227,Barbara Hahn,182-19-6966,66,Male,5,738,4
228,Zachary Miles,825-80-0817,59,Male,4,182,2
229,Jessica Wallace,323-44-8447,64,Female,1,100,2
230,Christine Hoffman,419-15-9201,57,Male,5,100,1
231,Matthew Chapman,023-20-7665,24,Male,2,380,1
232,Julie Trevino,542-84-3862,69,Male,1,850,5
233,James Miller,178-46-6476,35,Female,4,699,7
234,Rachel Salazar,778-20-4185,51,Male,2,401,3
235,Timothy Webb,865-73-6668,49,Female,3,100,2
236,Michael Sanchez,531-92-1200,52,Female,3,340,5
237,Christina Hale,515-05-4586,69,Female,2,434,3
238,Daniel Ball,512-09-1207,57,Female,5,345,4
239,Matthew Molina,677-87-1171,46,Male,3,130,1
240,Andrew Jennings,549-12-0453,20,Female,2,100,1
241,Andrea Mcclure,291-34-3981,32,Male,4,585,7
242,Brenda Mcguire,157-61-4663,47,Female,2,100,3
243,Cindy Boone,695-19-5929,27,Female,5,100,1
244,Matthew Ferguson,721-06-0386,19,Male,4,128,1
245,Christopher Turner,362-51-3941,53,Female,3,529,6
246,Ralph Anderson DDS,020-60-8751,64,Male,2,437,3
247,Anthony Martinez,218-06-2122,34,Female,2,102,2
248,Stephen Weber,001-20-9213,40,Male,3,660,6
249,Kristin Bailey,180-33-0181,36,Female,3,850,6
250,Eric Esparza,649-97-4960,44,Female,5,274,0
251,Christine Gutierrez,811-28-4168,43,Female,5,219,1
252,Maria Russell,468-66-9433,34,Male,1,100,3
253,Matthew Roberts,678-83-6775,56,Female,2,837,6
254,Felicia White,304-50-3978,29,Male,3,100,3
255,Vanessa Jones,781-82-9924,34,Male,3,100,2
256,Michael Larsen II,329-20-1401,63,Female,1,100,0
257,Juan Reyes,033-74-3622,50,Female,4,478,5
258,Michael Stanley,367-23-7201,56,Male,5,592,7
259,Katherine Anderson,014-11-2906,51,Female,2,367,7
260,Monica Luna,776-68-1784,66,Female,5,641,4
261,Anthony Crawford,111-45-9129,33,Female,3,252,5
262,Joshua Ruiz,287-60-4337,25,Female,2,277,1
263,Tonya Leblanc,647-81-1819,57,Male,5,850,7
264,Richard Hancock,282-97-9633,68,Female,5,266,2
265,Savannah Barnes,297-57-3204,32,Male,4,258,2
266,Jordan Mcgee,258-66-0139,48,Female,5,323,3
267,Eric Hale,841-70-7690,44,Female,1,549,5
268,Eric Moreno,011-87-4642,29,Male,5,100,2
269,Bailey Fox,215-38-5096,64,Female,2,468,1
270,Adrienne Yoder,077-47-4677,70,Female,3,100,0
271,William Jimenez,108-03-4939,58,Female,5,100,0
272,Michael Barron,822-94-6702,57,Female,3,468,2
273,Theodore Green,898-68-8276,46,Male,4,311,6
274,Steven Mcgee,223-41-1354,26,Male,1,286,5
275,Donna Marquez,830-64-5509,70,Female,4,611,4
276,Jose Mcclain,452-88-7706,47,Female,3,209,3
277,Kathy Castillo,544-39-8999,64,Female,1,100,0
278,Lindsey Ruiz,708-62-5830,22,Female,4,589,5
279,Aaron Howard,108-60-3297,20,Male,2,789,5
280,Tina Bowers,651-12-1256,60,Female,5,796,5
281,Elizabeth Delacruz,834-22-1877,54,Male,1,850,6
282,Jesus Dyer,315-01-1334,37,Female,3,100,1
283,Lydia Reynolds,804-71-7073,42,Female,2,409,2
284,Daniel Morris,591-03-9052,36,Female,5,350,6
285,Ricardo Williams,535-72-5954,62,Male,4,618,3
286,Beth Larson,011-98-9272,22,Male,4,364,4
287,Catherine May,696-66-9410,33,Female,2,100,3
288,Jason Dixon,239-41-9995,37,Male,5,463,4
289,Timothy Andrews,505-31-4745,39,Male,5,801,7
290,Carol Lee,081-72-1742,29,Female,5,100,2
291,Michael Nielsen,707-35-3346,26,Female,2,100,0
292,Rebecca Mcgee,446-46-4342,56,Male,1,700,3
293,Mary Watson,366-36-5660,43,Female,3,100,2
294,Gregory Gonzalez,396-18-3893,67,Female,2,117,5
295,Erica Meadows,326-19-0228,42,Male,3,100,0
296,Rachel Thompson,209-91-8691,51,Male,1,530,5
297,Dr. Christopher Harrison,628-99-2018,70,Female,4,850,6
298,Amanda Payne,765-07-7408,18,Female,4,850,6
299,Veronica Marshall,269-64-8139,66,Female,2,850,7
300,Jennifer Keller,720-23-8323,41,Female,2,425,7
301,Robert Benson,409-28-5490,55,Male,4,480,3
302,Jeremy Johnson,899-27-2177,37,Male,5,341,1
303,Cynthia Strickland,497-88-1627,60,Female,2,237,2
304,Anne Brown,354-97-5734,37,Male,5,100,4
305,Cody Walls,158-77-2837,62,Male,4,387,1
306,Daniel Cohen,555-70-8007,44,Female,1,820,5
307,Sean Wise,357-05-7981,52,Female,3,394,3
308,Teresa Ramirez,468-83-4585,56,Male,3,220,0
309,Lisa Hall,226-37-9620,54,Male,2,100,0
310,Jessica Wilson,029-49-9335,47,Female,3,314,1
311,Derek James,013-61-2567,51,Female,2,850,7
312,James Green,394-47-1888,47,Male,4,345,3
313,John Schmidt,178-67-2691,27,Male,2,100,2
314,Leslie Kelly,679-45-6261,41,Male,4,100,0
315,Rachel Barnes,633-06-8923,20,Female,2,382,3
316,Jared Petty,797-83-2843,47,Female,4,146,4
317,Lisa Cochran,353-92-7354,46,Female,2,242,0
318,Catherine Lewis,837-94-8329,57,Male,5,100,0
319,Tina Long,636-20-5111,42,Male,1,100,0
320,Mark Cross,138-13-8760,38,Male,4,167,2
321,Alfred Silva,358-60-5966,57,Male,4,402,4
322,Chad Hahn,534-57-8205,37,Female,2,407,4
323,Tiffany Williams,761-39-0675,63,Female,4,262,6
324,Frank Blevins,643-51-5771,30,Male,2,615,7
325,Claire Martinez,144-69-6919,49,Female,2,738,6
326,Ashley Robles,312-39-3530,50,Male,3,100,0
327,Jonathan Smith,213-93-2961,38,Female,4,608,5
328,Brian Pena,051-87-5419,39,Male,2,587,5
329,Roberto Robinson,164-05-8127,66,Female,5,850,7
330,Tyrone Frazier,738-76-8463,43,Male,4,100,3
331,Timothy Branch,297-24-0795,49,Male,5,288,5
332,William Porter,444-89-8657,64,Male,5,736,5
333,Ryan Bautista,579-12-9099,24,Female,4,227,3
334,Emily Alvarez,193-33-9628,67,Male,4,649,4
335,Jean Solomon,813-04-5864,34,Male,2,784,7
336,Sean Johns,672-76-5894,35,Female,2,352,5
337,Michael Schneider,869-16-2766,33,Male,5,194,2
338,Katie Berg,175-82-6902,20,Male,2,100,2
339,Katherine Williams,828-86-7574,25,Female,5,100,3
340,Dr. Andrew Hernandez,203-28-6814,53,Female,5,850,7
341,Alexandra Harrison,452-06-6276,47,Male,5,599,5
342,Alexis Khan,424-36-1264,65,Male,3,593,3
343,Stephen Doyle,842-89-3384,61,Female,2,617,4
344,Daniel Moody,648-56-3928,26,Female,1,629,4
345,Suzanne Trujillo,731-25-5865,65,Male,3,463,4
346,John Gould,741-42-9560,44,Female,1,850,6
347,Gina Fitzgerald,267-40-2597,27,Male,1,638,5
348,Shirley Moore,175-80-7837,24,Male,4,315,5
349,Lee Murphy,744-33-9412,41,Female,1,850,6
350,Sean Mccormick,057-42-8640,69,Male,2,100,0
351,Amanda Velasquez,437-45-6572,35,Male,5,381,7
352,Shirley Brown,592-73-4461,27,Male,1,144,3
353,Brandon Sullivan,681-26-2136,29,Female,5,324,0
354,Denise Austin,626-30-7787,46,Female,4,100,4
355,Michael Rosales,068-21-3934,48,Male,2,430,2
356,Jennifer Hayes,521-99-6998,60,Male,3,764,5
357,William Welch,446-28-3385,50,Female,5,850,7
358,Nicholas Newton,659-66-4012,44,Male,2,100,3
359,Jacob Todd,775-76-5523,39,Female,4,431,3
360,Mr. Michael Clark,784-51-5224,59,Female,4,359,5
361,Debbie Davila,024-15-6036,69,Female,3,158,3
362,Regina Dorsey,866-99-5800,32,Female,2,646,5
363,Gail Velez,690-16-5310,27,Male,3,262,2
364,Matthew Peck,251-55-5083,66,Female,4,100,0
365,Megan Spencer,717-67-6260,26,Male,5,516,7
366,Mr. Jeffery Barton,251-25-6281,49,Female,5,119,3
367,Ryan Rodriguez,859-52-6641,34,Male,4,100,1
368,Frank Mack,576-15-5017,45,Female,1,213,6
369,Bryan Camacho,265-42-3506,66,Male,3,232,3
370,Cheryl Walsh,673-23-9899,64,Female,4,100,1
371,Deborah Jackson,426-35-4334,47,Male,3,431,2
372,Mrs. Allison Horn,729-55-5148,36,Female,2,237,4
373,Justin Washington,814-93-5232,44,Female,3,312,4
374,Mr. James Lyons,061-79-1134,53,Male,2,100,2
375,Abigail Owens,633-05-6787,26,Male,4,100,0
376,Joseph Schmidt,525-45-9046,44,Female,5,100,0
377,Daniel Davis,511-57-5774,28,Male,5,271,6
378,Christine Simon,318-88-6092,53,Female,5,100,4
379,Rachel Davis,471-15-4093,32,Female,3,734,7
380,Margaret Morton,748-75-9094,48,Female,3,767,7
381,James Stevens,290-83-4488,48,Male,5,549,7
382,Tara Robinson,296-81-5956,47,Female,1,386,6
383,Dwayne Adams,681-95-4003,28,Female,4,100,0
384,Brittany Moore,422-89-9716,68,Female,3,362,2
385,Brandon Martinez,068-20-8439,61,Male,4,401,4
386,Michael Deleon,366-69-6961,37,Male,1,112,4
387,Brooke Blanchard,690-65-6134,31,Female,3,198,3
388,Kim Fitzpatrick,717-62-9965,25,Male,3,299,0
389,Evan Hogan,132-43-1688,70,Female,5,163,0
390,Jamie Rocha,598-12-4320,36,Female,2,262,4
391,Beth Joseph,864-36-6825,31,Male,4,100,4
392,Emily Hawkins,712-72-6585,50,Female,5,395,3
393,Jason Good DVM,527-63-3197,27,Male,5,303,0
394,Shaun Johnson,187-58-6909,45,Female,2,578,2
395,Andre Chang,039-15-3750,66,Male,1,813,7
396,Billy Curry,014-89-3722,64,Female,4,100,2
397,Tracy Nicholson,446-61-9688,70,Female,2,100,1
398,Laura Sloan,750-71-6249,36,Female,2,814,5
399,Gregory Stafford,257-29-9227,68,Female,4,582,3
400,Adam Spencer,228-21-4863,22,Male,4,843,7
401,Carrie Martin,259-44-1694,55,Male,3,100,0
402,Michele Hayes,459-88-4749,22,Female,1,575,2
403,Douglas Allen,007-48-8808,61,Female,2,314,6
404,James Thomas,623-90-4415,46,Male,2,193,2
405,Mark Barnes,571-85-4925,42,Male,2,100,1
406,Kelly Rodgers,131-74-9100,28,Female,2,834,6
407,Andrew Peterson,537-32-3904,30,Male,4,255,2
408,Peter Henson,598-53-9196,28,Male,3,509,3
409,Andrew Evans,065-16-6627,43,Male,5,414,6
410,Stacy Cline,116-11-4272,66,Male,3,100,1
411,Kelly Nelson,675-57-3576,30,Male,1,144,4
412,Duane Clayton,874-91-2114,38,Male,1,100,0
413,Jonathan Floyd,767-16-0981,62,Male,5,569,6
414,Amanda Young,391-76-1166,53,Male,2,455,1
415,Patricia Diaz,519-57-0374,38,Male,3,502,3
416,Janice Harrison,496-38-0419,40,Female,2,750,4
417,Elizabeth Clayton,680-78-1175,68,Female,5,100,1
418,Cynthia Edwards,750-33-8447,67,Female,4,200,3
419,Kelli Cantrell MD,663-32-3276,67,Male,4,401,6
420,John Dennis,637-07-9130,27,Male,3,814,5
421,Tammy Bentley,690-30-5483,50,Male,3,850,6
422,David Conner,412-45-1064,19,Male,4,100,0
423,Nathaniel Moreno,103-60-7407,64,Female,3,560,2
424,William Johnson III,400-89-9461,45,Female,1,372,4
425,Teresa Hoffman,771-40-5281,56,Male,2,725,4
426,Morgan Perez,547-74-7648,39,Male,5,661,5
427,Lisa Sanchez,722-41-6455,65,Female,4,779,4
428,Julia Webb,555-27-1067,67,Male,3,100,2
429,Kimberly Roman,868-36-4541,34,Female,3,662,5
430,Timothy Anderson,334-46-8063,55,Female,1,348,1
431,Tamara Howard,612-90-2027,66,Male,3,486,1
432,Joshua Parker,459-18-3008,56,Female,3,363,5
433,Amanda Norris,490-07-8485,52,Male,2,209,4
434,Sandra Brown,593-77-4848,47,Male,3,332,5
435,Terry Chambers,074-40-7450,59,Female,3,100,1
436,Evan Bond,335-33-9960,19,Male,4,388,1
437,Samantha Henderson,068-58-2858,45,Female,1,332,3
438,Brittney Gonzalez,701-01-7807,39,Female,3,184,0
439,Michael York,081-13-3418,30,Female,3,366,3
440,Katie Atkinson,392-84-4369,33,Male,4,602,6
441,Linda Murphy,335-16-0852,37,Male,5,688,3
442,Karen Webb MD,542-61-3608,27,Male,4,274,0
443,Derek Davis,540-11-3625,46,Male,4,268,5
444,David Reyes,882-05-7143,46,Male,2,479,3
445,Eric Salazar,381-62-0525,55,Male,4,469,2
446,Christopher Skinner,523-43-7089,46,Male,4,722,6
447,Andrew Robinson,229-44-9473,25,Female,5,688,6
448,Benjamin Edwards,277-14-1460,30,Male,4,336,6
449,Christina Reyes,098-11-4677,67,Female,1,100,0
450,Kimberly Smith,894-79-1657,18,Male,4,372,7
451,Michelle Nunez,290-33-7962,31,Female,5,431,3
452,Andrew Jordan,108-73-4641,24,Female,1,100,0
453,Tina Hamilton,491-17-7303,52,Female,5,577,6
454,Scott Shea,470-05-6461,19,Female,3,100,3
455,Erin Mathews,393-72-9855,59,Male,5,293,2
456,Teresa Williams,736-55-0643,53,Male,2,100,2
457,Melissa Williams,482-43-1372,69,Male,3,100,4
458,Crystal Peterson,376-32-7951,60,Male,3,741,5
459,Jeanne Bell,742-47-7600,47,Male,4,764,7
460,Donald Douglas,794-06-4441,32,Female,4,794,5
461,Charles Rogers DVM,208-09-6076,25,Female,1,689,6
462,Amy Alexander,444-54-2140,69,Male,5,255,1
463,Linda Huynh,547-14-6634,69,Female,5,302,1
464,Ann King,213-90-4273,19,Female,3,174,2
465,Victor Edwards,339-91-0803,68,Male,1,203,2
466,Peter Sims,858-48-4470,21,Male,3,140,1
467,Cynthia Parrish,549-61-8287,26,Male,5,100,2
468,Samantha White,872-66-3173,41,Male,5,100,1
469,Peter Jenkins Jr.,612-76-6187,60,Female,5,266,5
470,Tina Cole,073-89-2593,55,Female,1,812,6
471,Kimberly Brown,426-39-7717,27,Male,4,341,3
472,Cheryl Phillips,286-35-1343,65,Male,3,112,1
473,Gary Santos,313-93-9839,69,Male,5,308,7
474,Dr. Jessica Davis DVM,198-13-5470,31,Male,3,649,7
475,Corey West,083-58-7570,38,Female,2,659,7
476,Lauren Chambers,337-33-4257,59,Female,2,100,0
477,Jason Mitchell,436-52-0437,37,Female,3,329,4
478,James Conrad,577-04-3776,47,Male,5,176,2
479,Theresa Sanchez,103-46-6262,31,Female,5,100,2
480,Alfred Rios,076-34-5809,48,Female,2,850,7
481,Jamie Santiago,547-39-6427,34,Female,4,204,3
482,Kevin Middleton,070-77-3223,23,Female,3,678,7
483,Melissa Tucker,357-48-5044,59,Female,1,348,7
484,Robert Garcia,741-34-5743,40,Female,4,100,1
485,Susan Harris,878-39-5608,18,Female,3,716,5
486,James Cross,191-68-7906,66,Female,4,297,4
487,James Harvey,797-36-1808,70,Male,4,395,7
488,Meredith King,559-16-2287,36,Male,5,100,0
489,Sarah West,737-13-9855,57,Female,4,134,4
490,Catherine Guerrero,146-68-1067,51,Female,4,821,6
491,Alison Ball,361-25-2522,53,Male,5,100,2
492,Laura Lawson,616-25-6470,19,Female,5,839,5
493,Jasmine Ortiz,727-95-7017,41,Female,2,498,4
494,Kendra Gray,456-11-2632,31,Male,5,817,7
495,Michelle Williams,354-60-3349,39,Female,2,229,3
496,Rhonda Brown,625-83-8193,60,Male,3,850,6
497,Marcia Montoya,174-94-9409,42,Female,3,254,1
498,Allison Ramos,138-53-0104,65,Female,4,100,1
499,Tonya Lewis,786-67-1515,70,Female,4,100,3
500,Ralph King,762-14-2638,52,Male,5,409,7
501,Keith Williams,094-82-1678,48,Female,4,100,0
502,David Lopez,886-06-5055,32,Male,4,152,2
503,Jennifer Koch,835-98-1579,38,Male,4,850,7
504,Christina Martinez,822-84-7611,64,Female,5,209,3
505,Jacob Ross,061-73-5524,30,Male,5,100,1
506,James Wheeler,098-44-2069,54,Male,5,386,4
507,Jessica Francis,065-75-3518,50,Female,4,277,4
508,Marie Adams,104-59-0613,37,Male,1,591,4
509,Lindsay Lopez,113-07-4822,24,Male,3,850,6
510,Sara Wright,198-66-7710,40,Female,3,100,2
511,Cody Phillips,697-97-8866,19,Male,2,244,0
512,Rebecca Williamson,689-75-0121,38,Male,2,189,0
513,Robert Dodson,848-69-3185,22,Male,2,100,3
514,David Rodriguez,667-43-7803,33,Female,5,624,4
515,Leslie Rodriguez,726-85-6532,56,Female,4,331,1
516,Daniel Mcclain,818-81-4500,49,Female,3,112,2
517,Zachary Patterson,413-88-9354,69,Female,3,603,5
518,Amber Powers,472-15-6967,30,Female,3,152,3
519,Brett Williams,207-59-2615,39,Female,2,848,6
520,Timothy Guzman,046-97-8754,56,Female,1,780,4
521,Melissa Lopez,181-24-1996,19,Female,5,367,0
522,Kimberly Bell,682-19-1567,40,Male,2,538,7
523,James Horn,362-63-5744,43,Male,4,616,6
524,Steven Jones,762-02-1959,57,Female,5,100,3
525,John White,446-88-7965,26,Female,1,850,7
526,Anthony Dyer,287-86-7344,29,Male,5,100,0
527,Shane Davis,625-93-4470,43,Female,1,714,4
528,Franklin Smith,086-61-4580,35,Female,4,674,3
529,Michael Jones,426-27-0198,21,Male,4,850,6
530,Michelle Kennedy,108-67-5099,28,Male,5,388,0
531,Antonio Young,072-93-9839,43,Male,3,236,4
532,Maria Palmer,185-10-5785,50,Female,1,530,5
533,William Martinez,790-90-6820,49,Male,4,356,7
534,Stephanie Mccoy,506-54-6657,51,Female,3,539,4
535,Nicole Collins,347-12-9569,59,Male,2,251,6
536,Zachary Gutierrez,595-40-0789,28,Male,2,679,7
537,Brian Collins,469-23-3736,47,Female,3,333,7
538,Stefanie Jackson,372-51-9344,24,Male,1,464,1
539,Joshua Collins,020-45-4170,40,Female,2,108,4
540,Jeffery Oconnell,049-13-3374,28,Female,1,151,5
541,Sarah Ross,208-03-1505,55,Female,5,793,5
542,Martha Edwards,588-07-9108,27,Male,4,145,2
543,Paul Coleman,454-63-5738,18,Female,2,825,6
544,Christopher Gomez,721-48-6045,22,Female,5,414,7
545,Jasmine Johnson,687-33-4064,55,Female,3,404,7
546,Richard Nelson,424-32-2318,70,Female,4,100,1
547,Amy Anderson,467-31-5284,59,Female,5,100,1
548,Paul Velasquez,323-09-9355,43,Female,4,283,5
549,Chad Scott,065-42-2352,42,Male,4,373,0
550,Shannon Smith,280-29-3492,58,Female,4,810,7
551,Scott Medina,539-58-7184,63,Female,5,100,1
552,Brian Castro,050-65-1111,23,Female,2,100,1
553,Jamie Velazquez,583-20-5864,32,Female,3,340,0
554,Robert Davis,493-04-7009,48,Female,3,627,3
555,Jose Walsh,345-08-3003,18,Female,4,223,3
556,Christopher Thomas,848-21-8729,41,Female,1,460,5
557,Daryl Woodward,712-37-2438,33,Female,2,513,7
558,Susan Pacheco,143-53-8647,51,Male,5,647,5
559,Lindsay Graves,880-48-9252,27,Male,5,277,5
560,Michael Miller,834-38-0842,55,Male,1,327,7
561,Heather Goodman,791-36-1672,27,Female,4,109,3
562,Tyler Williams,539-86-3446,35,Male,4,449,7
563,Mr. Robert Young,536-59-1094,54,Female,1,850,7
564,Mark Bowman,660-24-1489,52,Male,4,328,4
565,Madeline Castillo,012-50-9724,57,Female,4,466,5
566,Robert Wright,139-84-7089,31,Male,2,164,5
567,Joshua Maxwell,054-49-3065,38,Female,3,409,5
568,Melissa Morrow,227-44-7428,40,Male,4,256,5
569,Tara Hampton,708-61-8198,20,Female,5,388,6
570,Jason Mcbride,525-14-0003,47,Male,2,769,4
571,Adrian Levine,791-20-7435,69,Male,3,739,6
572,Jack Lara,388-13-5902,33,Female,2,850,5
573,Erin Willis,191-44-7479,26,Male,5,224,4
574,David Patterson,240-03-7088,38,Male,2,355,4
575,Robert Acosta,254-37-8525,24,Female,5,233,1
576,Brenda Wagner,732-84-8240,67,Male,3,100,3
577,Veronica Crawford,175-69-0823,48,Female,2,100,2
578,Evelyn Floyd,279-76-8056,53,Male,1,725,5
579,John Green,457-42-3303,21,Male,5,147,1
580,Sandra Yu,324-16-4899,58,Male,3,312,3
581,Cassandra Waters,761-73-1113,66,Female,4,339,7
582,Roberto Rangel,600-31-9481,31,Male,3,314,4
583,Regina Webb,829-25-8001,42,Female,4,100,0
584,David Vega,122-30-7294,29,Male,4,524,7
585,Brenda Lindsey,549-20-4902,59,Male,1,380,5
586,Lauren Jimenez,142-64-8899,30,Female,1,519,7
587,Deanna Jackson,444-53-6743,70,Male,5,150,1
588,Brian Mclaughlin,223-45-8657,39,Male,3,384,2
589,Kimberly Parker,682-47-1914,26,Female,1,455,3
590,Patrick Nash,197-71-7927,53,Male,3,606,4
591,Pamela Anderson,410-46-7612,28,Female,5,850,5
592,David Smith,652-95-7643,48,Female,4,436,2
593,Robin Lowe,228-08-5621,32,Female,1,458,2
594,Brianna Wagner,549-63-3249,37,Female,1,100,1
595,Corey Molina,431-07-9443,61,Female,1,459,4
596,Mary Ewing,463-41-6870,29,Male,3,128,4
597,Christopher Armstrong,579-65-2387,63,Female,5,100,0
598,Christian Salinas,860-02-3953,33,Female,1,535,6
599,Chelsea Nguyen,038-07-2240,38,Female,4,298,0
600,Miranda Palmer,039-20-5245,51,Female,5,307,4
601,Melissa Wang,697-60-6806,53,Male,1,100,1
602,Erika Johnson,284-55-8932,38,Male,2,850,7
603,Andrea Cruz,829-27-7532,45,Female,4,531,4
604,Hailey Romero,897-52-0519,61,Male,2,309,0
605,Jennifer Silva,717-68-4389,61,Male,5,312,3
606,Jose Castillo,826-81-1571,38,Female,3,114,0
607,Randy Craig,549-53-1738,36,Male,3,100,3
608,Francisco Cruz,282-48-0633,25,Male,3,850,7
609,Matthew Baker,070-38-1340,37,Female,5,100,1
610,Lisa Fields,133-99-3086,44,Female,3,450,4
611,Shannon Jackson,397-49-5963,55,Female,1,100,0
612,Amanda Hudson,869-65-3744,54,Female,1,581,7
613,Charles Ferrell,065-78-4883,44,Female,5,100,1
614,Beth Williams,397-69-1520,42,Female,1,100,0
615,Lori Nguyen,237-86-6679,37,Male,4,197,4
616,Craig Banks,438-42-8194,53,Female,2,834,7
617,Austin Melendez,807-22-2347,45,Female,2,100,2
618,Samuel Mclaughlin,157-30-5231,56,Female,1,100,2
619,Darius Williams,309-15-8205,20,Female,5,220,4
620,Wendy Mills,754-45-7271,70,Male,1,264,0
621,Brian Larson,796-66-6294,43,Male,5,678,4
622,Joseph Ramsey,485-55-7790,45,Female,3,348,2
623,Traci Frye,355-33-2396,29,Female,3,455,7
624,Michael Mitchell,388-22-4667,57,Female,1,692,6
625,Mrs. Michelle Taylor,822-35-7940,25,Male,5,100,4
626,Justin Ward,310-67-3142,24,Male,1,372,1
627,Kevin Cline,796-05-4576,27,Female,3,100,3
628,Daniel Johnson,014-40-9107,68,Female,5,174,5
629,Michael French,120-78-3288,58,Male,5,637,3
630,Melinda Manning,240-25-3151,31,Female,1,142,2
631,Jennifer Wheeler,064-95-0696,57,Male,4,523,7
632,Kathleen Welch,148-97-0594,65,Male,1,314,5
633,Candice Moore,392-93-2857,65,Female,5,100,3
634,Erica Gonzalez,849-06-6259,28,Female,5,100,0
635,Billy Perez,035-86-8338,59,Female,2,100,0
636,Robert Carr,671-99-3582,18,Female,3,360,0
637,Christine Williams,061-81-3219,63,Female,1,606,6
638,Anthony Jenkins MD,056-46-4193,48,Male,4,185,0
639,Whitney Cabrera,076-53-0936,22,Female,2,633,6
640,Jessica Hill,311-50-0589,34,Male,1,454,5
641,Jeffery Harris,142-60-5328,61,Female,4,411,1
642,Dawn Meyer,637-64-7388,66,Male,4,724,4
643,Matthew Aguilar,652-17-4916,60,Female,1,342,2
644,Jessica Hebert,663-23-7700,25,Female,5,198,2
645,Jeffrey Martinez,180-81-9068,32,Female,4,100,1
646,Linda King,082-61-0464,55,Female,2,292,3
647,Stacy Cooke DDS,127-96-5392,52,Male,3,850,7
648,Ann Miller,240-34-2843,49,Male,4,100,4
649,Crystal Weeks DDS,312-93-4969,22,Female,1,478,2
650,Jennifer Thomas,441-60-6144,27,Male,4,100,2
651,Kelly Marshall,037-52-1201,19,Female,3,432,4
652,Curtis Hodges,166-55-4809,42,Male,4,203,4
653,Kim Douglas,330-80-5589,41,Female,1,665,6
654,Johnathan Ward,773-70-7427,45,Female,4,180,3
655,Kelli Bass,868-02-8716,37,Female,3,286,2
656,Heather Hill,252-29-5569,50,Female,2,478,7
657,Frank Williams,884-59-9319,28,Male,1,283,6
658,Dr. Cheryl Wilson,406-81-0152,58,Male,5,371,2
659,Thomas Schultz,404-06-1879,45,Male,2,100,0
660,Abigail Mcintyre,791-22-0264,50,Female,1,441,5
661,Kristen Owen,373-48-8051,35,Female,2,100,0
662,Gregory Mooney,539-96-7286,24,Male,2,100,1
663,Miss Nancy Robinson,331-08-7642,61,Male,1,850,6
664,Dwayne Flowers,622-87-4011,60,Male,5,645,4
665,Brandon Davis,565-03-6177,61,Male,1,514,5
666,Katelyn Davis,008-56-4178,66,Female,1,340,0
667,Nicole Salinas,416-92-8147,41,Female,3,850,7
668,Melissa Barron,886-19-9751,33,Female,4,100,1
669,Jennifer Ho,762-53-5010,65,Female,1,291,2
670,Stacey Ramos,041-45-5952,47,Female,3,238,3
671,Isaac Richard,019-40-2615,66,Female,2,100,0
672,Sarah Glenn,881-42-2219,56,Female,1,368,3
673,Jaime Torres,244-57-4707,39,Female,3,208,2
674,Kevin Gomez,388-68-0685,66,Female,3,650,3
675,Jodi Smith,306-05-7975,69,Female,2,634,6
676,Zachary Henson,625-88-7530,20,Female,4,452,4
677,Olivia Gilmore,173-08-4940,19,Male,4,644,4
678,Catherine Smith,634-68-7950,34,Female,5,220,5
679,Brian Williams,308-77-1097,46,Male,5,648,3
680,Alexander Phelps,663-19-3479,31,Male,3,100,0
681,Kathy Wong,707-45-5404,52,Male,1,100,0
682,Robert Ewing,170-48-8492,59,Male,2,850,7
683,Paul Olson PhD,071-98-5241,54,Male,4,666,3
684,Carol Sweeney,755-94-5021,48,Female,5,100,1
685,Jessica Gates,164-84-8832,45,Female,2,100,0
686,Candace Walker,727-12-4544,31,Female,1,555,3
687,Debra Greene,721-12-4343,57,Male,3,394,0
688,Christine Mendez,548-01-6132,26,Male,4,100,3
689,Michael Miller,643-79-1557,49,Male,1,230,4
690,Michael Johnson,699-25-5117,27,Male,4,124,2
691,Ian Mcgrath,344-20-5353,35,Male,1,766,4
692,Jeffrey Dean,530-97-3948,38,Male,2,284,1
693,Brian Robinson,010-35-2304,20,Male,4,446,3
694,John Jackson,231-78-0231,64,Female,1,100,4
695,Nicole Carr,395-04-5286,20,Female,5,314,7
696,Robert Doyle,397-17-3900,46,Male,1,398,3
697,Jacqueline Williams,833-65-6026,49,Female,5,100,3
698,Ellen Murphy,447-33-5611,18,Female,5,850,6
699,Chris Gilbert,157-51-8314,44,Female,5,497,1
700,Michael Moreno,501-84-0273,36,Female,3,430,1
701,Erica Gonzalez DVM,898-21-2435,27,Male,2,612,5
702,Julie Lynch,558-32-7487,58,Female,2,100,1
703,Amanda Kramer,736-18-2856,41,Male,4,383,3
704,Kelly Huffman,849-12-2748,21,Female,3,100,0
705,Adam Underwood,861-17-6245,32,Male,5,850,6
706,Bryan Webster,857-83-9441,50,Male,3,586,3
707,Barbara Casey,514-58-1151,54,Male,4,280,5
708,Jon Garza,070-64-5277,35,Male,2,485,5
709,April Barnett,645-52-4570,34,Male,4,461,6
710,Dr. Paul Meyer,091-14-7789,30,Male,5,100,1
711,Crystal Fisher,760-59-0172,23,Male,5,100,1
712,Brandon Howard,237-89-0681,32,Male,4,100,3
713,Calvin Chavez,107-41-4785,59,Female,1,136,2
714,Charles Woodward,895-03-6518,46,Male,2,100,0
715,Nicole Miller,822-89-2639,25,Female,3,850,7
716,Danny Herman,415-98-9790,42,Male,3,152,1
717,Sarah Lopez,667-53-7778,62,Female,2,622,5
718,Dillon Morton,870-41-7906,65,Male,2,168,3
719,Jasmine Cervantes,375-65-7972,67,Female,3,579,4
720,Stefanie Sheppard,639-49-2837,21,Male,5,100,0
721,David Holder,276-12-1679,69,Male,3,663,7
722,Beverly Hamilton,383-13-4290,40,Female,1,227,2
723,Juan Miles,075-10-6620,29,Male,2,376,3
724,Christopher Rogers,181-83-3867,38,Male,2,152,3
725,Aaron Evans,565-54-7729,39,Male,5,100,1
726,Devin Cook,767-03-7955,22,Male,2,850,7
727,Mary Meyer,842-25-7604,24,Female,5,100,0
728,Thomas Williams,810-35-6407,51,Female,5,100,1
729,Justin Green,664-83-1791,57,Female,1,133,0
730,Allison Hart,523-19-9692,54,Male,2,100,1
731,Kimberly Todd,515-35-1327,29,Female,3,328,5
732,Gina Brown,599-24-4879,64,Male,1,240,5
733,Wendy Cooper,542-41-1207,53,Male,2,100,0
734,Katherine Torres,234-03-2090,64,Female,3,850,7
735,Larry Smith,750-37-3925,30,Male,1,100,0
736,Katherine Chapman,786-22-0819,69,Female,1,454,2
737,Jose Moore,223-69-4181,68,Female,3,458,2
738,Janet Daugherty MD,432-76-3628,30,Female,5,205,3
739,Carol Stark,117-19-9889,51,Male,4,387,6
740,Alyssa Stewart,227-82-4253,34,Female,2,100,0
741,Christopher Clark,831-70-1477,45,Female,3,214,5
742,Shane Jensen,886-13-0690,21,Male,4,672,6
743,Peggy Brooks,549-29-3013,28,Male,1,100,2
744,Jose Dawson,655-49-2682,30,Female,2,360,6
745,Ricky Douglas,885-52-5878,18,Male,2,658,5
746,Courtney Taylor,779-93-8558,37,Male,4,435,4
747,Erica Juarez,850-97-0554,46,Female,1,100,4
748,Sherri Chandler,404-10-7434,59,Male,4,100,0
749,Corey Powell,760-69-8919,62,Male,3,544,3
750,Derrick Zavala,709-58-0487,18,Male,2,850,7
751,Donald Novak,306-59-7957,66,Male,2,451,1
752,Robert Sanders,438-78-0329,55,Male,2,573,2
753,Meghan Wyatt,839-85-9913,25,Male,3,100,0
754,Madison Gonzalez,604-21-5850,65,Male,3,100,0
755,Jeanette Gordon,656-81-0321,65,Female,5,570,4
756,Isabella Pittman,030-47-9661,68,Female,2,100,2
757,Sheri Thomas,590-91-2417,47,Male,3,108,4
758,Jared Bryant,196-98-4356,32,Male,1,233,2
759,Samuel Charles,837-20-2545,58,Female,3,269,2
760,Catherine Ward,496-45-7209,42,Male,1,850,6
761,Amber Baker,375-71-4914,49,Female,1,517,7
762,James Rush,108-62-4204,57,Female,3,505,3
763,Jennifer Woodard,749-58-1596,44,Female,3,100,1
764,Steven Munoz,453-14-5441,48,Female,4,104,1
765,Jacob Jones,648-41-6279,44,Male,1,100,3
766,Jennifer Hernandez,654-40-0973,29,Male,5,384,6
767,Russell Fuller,654-73-8019,59,Male,4,850,5
768,Michele Harris,543-52-5213,40,Male,2,799,5
769,Alexander Lopez,250-84-1073,56,Male,1,305,2
770,William Nicholson,180-95-3907,53,Male,5,293,2
771,Elizabeth Hudson,161-49-1331,36,Male,4,261,1
772,Jessica Dalton,635-09-1585,64,Male,3,121,3
773,Melissa Lester,704-19-5162,36,Male,4,100,1
774,Traci Alexander,876-71-5806,41,Male,1,282,5
775,Jennifer Faulkner,483-24-5718,23,Female,4,598,5
776,Eileen Short,223-45-4025,27,Male,3,758,4
777,Margaret Lee,627-83-0470,27,Female,4,199,3
778,Jamie Green,738-23-5610,67,Female,2,184,1
779,Matthew Green,611-44-7346,66,Male,5,100,2
780,Carmen Thomas,812-23-4189,24,Male,2,449,7
781,Jake Payne,219-77-9260,63,Male,4,100,0
782,Stephanie Collins,695-50-9259,44,Female,3,506,5
783,Shawna Davis,067-55-7172,48,Female,5,841,5
784,Danielle Koch,748-92-9648,54,Female,2,366,4
785,Karla Green,713-29-6630,22,Female,3,135,2
786,Pamela Frazier,863-61-3908,62,Male,1,100,2
787,Donald Gonzalez,525-58-1563,57,Female,3,256,3
788,Ashley Clark,336-53-1467,51,Female,3,100,2
789,Sarah Schwartz,366-37-1168,48,Female,4,100,1
790,Richard Wright,729-37-6552,68,Male,2,850,7
791,Clayton Rios,769-17-0789,69,Male,1,428,3
792,Mary Garcia,045-60-1882,50,Female,1,368,4
793,Jonathan Jones,569-66-4200,26,Female,2,100,3
794,Joyce Hill,283-81-9885,49,Female,2,246,1
795,Mark Hartman,870-24-0358,64,Male,2,628,4
796,Kristin Davis,483-34-3498,39,Male,4,625,6
797,April Delgado,765-37-1321,47,Male,3,317,4
798,Linda Lindsey,519-17-7412,63,Female,5,848,5
799,Samuel Mckinney,447-55-5538,37,Female,3,344,7
800,Hector Thompson,710-41-5514,40,Male,5,649,7
801,Nathan Zhang,185-95-3679,40,Male,2,311,5
802,Austin Duke,285-73-5589,32,Female,4,850,7
803,Jennifer Brown,238-41-3883,70,Male,5,127,1
804,Angela Smith,130-24-0155,23,Female,3,553,7
805,Lisa Harris,781-93-9887,23,Male,2,850,6
806,Mark Murphy,835-16-5580,31,Male,2,100,2
807,Amy Serrano,656-66-5923,40,Female,4,778,7
808,Rachel Boyd,725-14-7265,59,Female,4,850,7
809,Crystal Davis,752-25-1108,43,Female,2,265,5
810,Anthony Graham,655-95-8742,42,Male,4,100,1
811,Jonathan Wells,500-10-4725,22,Female,5,478,4
812,Grant Hodges,103-17-0759,70,Female,4,100,0
813,Matthew Williams,316-10-3584,31,Male,2,275,6
814,George Martin,346-34-1125,44,Female,1,761,6
815,Rose Mills,442-40-9094,51,Male,5,780,4
816,Cheyenne Black,017-67-6440,22,Male,5,521,3
817,Tyler Mccann,050-88-2753,62,Male,4,149,3
818,Teresa Allen,393-76-1913,58,Female,5,616,4
819,Victoria Thornton,304-87-4876,22,Female,5,628,5
820,Monique Miller,820-91-1117,59,Male,5,737,5
821,Donald Jones,845-12-6864,32,Female,1,327,2
822,Margaret Mccann,463-46-7590,19,Female,4,850,7
823,Patricia Durham,395-37-5915,25,Male,4,654,7
824,Timothy Howell,161-91-6446,44,Male,5,380,6
825,Gina Bennett,553-41-0196,66,Female,5,100,3
826,Timothy Gonzalez,156-75-8900,46,Female,2,222,3
827,Ann Hendrix,283-80-5370,24,Male,2,100,3
828,Katie Waters,248-37-8352,40,Male,3,100,2
829,Bonnie Glenn,552-07-1131,34,Female,1,199,1
830,Monica Fields,089-01-7973,37,Male,1,224,4
831,Casey Jordan,133-59-4486,40,Female,2,850,6
832,Natalie Silva,477-05-3284,20,Male,4,327,1
833,Todd Santiago,793-19-1035,69,Female,2,224,0
834,Austin Dickson,374-56-6734,22,Female,3,100,0
835,Matthew Shepherd,211-87-9237,28,Male,2,100,4
836,Stephen Lawrence,852-30-0176,58,Male,4,100,3
837,Dylan Sandoval,260-35-2959,30,Male,2,200,0
838,Cynthia Wright,775-96-1756,27,Female,4,634,5
839,Wesley Brown,244-02-9916,27,Female,5,326,1
840,David Thompson,818-92-8521,46,Male,5,329,5
841,Robert Stevens,197-15-8527,53,Male,5,320,3
842,William Hernandez,353-05-0113,44,Female,4,100,3
843,Daniel Lane,120-62-3968,66,Male,5,443,7
844,John Burch,803-24-4136,48,Female,3,607,7
845,Zachary Bowers,705-11-9761,70,Female,4,396,7
846,Mr. Shawn Rios,503-18-2949,37,Male,1,343,0
847,Nicholas Terrell,651-91-2556,68,Female,1,501,5
848,Colleen Lopez,382-10-5326,44,Male,1,527,5
849,Valerie Bailey,419-81-7438,26,Female,2,530,6
850,Christina Howard,579-35-5444,62,Male,5,668,4
851,Tyler Ford,270-66-3306,67,Female,3,100,1
852,Eric Brooks,345-11-8980,19,Male,4,191,1
853,Whitney Hood,076-88-4829,61,Female,1,322,7
854,Sara White,534-67-8809,48,Male,3,100,0
855,Tara Decker,203-33-0138,32,Female,2,168,5
856,Samuel Williams,715-77-8089,41,Male,2,100,0
857,Lori Foster,676-54-2891,69,Male,2,820,7
858,Rebecca Carlson,166-44-5645,54,Female,1,100,3
859,Gabriel Sosa,368-46-1844,59,Female,1,646,3
860,Kimberly Hamilton,728-07-4152,47,Female,1,315,3
861,Alexander Ramirez,896-60-1719,46,Female,1,617,5
862,Nicholas Young,772-52-5502,34,Male,4,100,1
863,Danny Sparks,091-93-3881,32,Female,5,850,7
864,Rebecca Cruz,588-53-5044,23,Female,1,100,1
865,Kelly Dominguez,319-05-3164,58,Male,5,100,2
866,Renee Adams,806-47-4304,47,Female,3,730,4
867,Timothy Wolfe,759-44-7948,29,Male,3,133,1
868,Michelle Valdez,401-84-7785,28,Male,1,850,7
869,Margaret Jones,186-63-2548,48,Female,1,487,4
870,David Clark,102-77-2698,40,Female,2,100,4
871,Katherine Phillips,436-27-8911,57,Male,2,100,0
872,Nichole Allen,331-02-1646,45,Female,2,100,0
873,Caitlin Smith,804-62-5227,64,Female,4,646,6
874,Megan Townsend,319-56-1743,46,Female,1,399,3
875,Jason Williams,810-45-4775,51,Male,3,119,5
876,David Willis,454-34-8259,55,Female,1,850,6
877,Brandi Cummings,019-61-6009,26,Male,5,850,7
878,Denise Ramos,785-78-3231,49,Male,5,252,1
879,Paul Shea,304-34-2245,29,Male,1,241,5
880,Jason Chandler,845-44-4306,28,Female,1,850,6
881,John Smith,214-44-1924,44,Male,1,100,2
882,Holly Wise,498-69-8514,47,Female,3,120,2
883,Ashley Johnston,374-59-7949,57,Male,5,423,5
884,Matthew Bradford,455-30-7442,21,Female,3,278,2
885,Jerome Martinez,762-05-6133,58,Male,5,363,6
886,Julie Brown,189-12-6697,54,Male,1,850,5
887,David Foster,385-43-2514,64,Male,1,100,0
888,Bradley Smith,628-08-1721,69,Female,2,850,7
889,Christopher Crawford,670-84-8811,50,Female,1,705,5
890,Kathryn Walters,165-07-6452,38,Female,5,349,2
891,Mark Murray,372-39-5711,22,Male,5,179,2
892,Mercedes Bennett,404-70-2637,43,Female,3,219,1
893,Margaret Walker,578-32-7744,37,Female,2,428,6
894,Amanda Lee,481-61-6031,68,Female,2,259,5
895,Bailey Carroll,289-48-9837,36,Female,4,840,7
896,Ryan Aguilar,322-97-9243,51,Female,2,838,5
897,Carlos Campbell,265-35-1956,67,Male,3,365,4
898,Mr. Juan Moore,424-14-5482,19,Male,1,461,6
899,Natalie Page,547-74-7353,61,Female,3,602,3
900,Nicholas King,499-60-0728,38,Female,1,303,0
901,Johnny Franklin,235-17-9092,28,Male,5,344,7
902,Jessica Morris,463-56-1473,53,Male,2,100,2
903,Samantha Yang,193-61-9471,55,Female,1,150,3
904,Samantha Johnson,824-33-9078,70,Male,1,100,1
905,David Roman,470-66-4926,43,Female,4,789,4
906,Matthew Tran,363-21-0475,45,Male,2,586,7
907,Stephen Chen,087-67-9697,20,Female,1,318,1
908,Denise White,166-65-8914,62,Female,3,364,2
909,Daniel Ross,050-20-8150,52,Male,1,435,4
910,Jesse Morales,375-38-9881,55,Male,2,434,4
911,Michelle Rodriguez,611-78-4389,40,Female,2,605,3
912,Scott Joyce,681-37-8283,38,Male,5,647,6
913,Jennifer Mitchell,237-99-9153,68,Female,5,241,6
914,Julie Jones,253-65-8085,47,Female,1,502,3
915,Gary White,059-28-8748,42,Male,4,348,6
916,Troy Murphy,785-95-0295,32,Male,3,647,3
917,Lynn Harris,230-55-8873,45,Female,5,384,6
918,Thomas Hernandez,071-15-3727,35,Male,5,627,7
919,Steven Jackson,044-06-1258,64,Male,2,307,2
920,Christian Gonzalez,168-83-0228,27,Female,5,143,3
921,Brad Watson,787-37-4479,39,Female,3,484,4
922,Paul Sanders,113-03-0841,69,Female,4,101,0
923,Ian Gould,672-85-7022,67,Female,4,449,3
924,Joseph Zavala,496-62-8252,46,Female,2,738,5
925,Jill Gregory,429-27-0940,20,Female,5,716,6
926,Bryan Patterson,175-29-6689,60,Female,3,100,0
927,Victor Kent,737-80-9897,32,Female,1,100,0
928,Mary Wilson,026-23-7375,65,Male,2,100,2
929,Gregory Burgess,311-81-7988,70,Male,3,208,2
930,Marilyn Burke,031-30-2866,68,Male,3,393,4
931,Michael Juarez,436-33-6280,51,Male,5,850,7
932,Tyler Hall,471-20-8142,34,Male,4,186,3
933,Paul Garcia,583-96-5502,60,Male,4,561,5
934,Jeremy Smith,473-04-1947,49,Female,4,303,6
935,Andrew Sanchez,294-28-3913,24,Female,4,850,7
936,Michelle Owens,226-06-2391,32,Male,5,306,6
937,Allen Harris,012-30-9605,57,Male,2,100,0
938,Edward Jimenez,618-39-7201,59,Female,3,405,6
939,Vincent Ortega,870-09-2865,23,Female,4,256,1
940,John Ramos,331-41-3467,64,Male,5,100,1
941,Kevin Eaton,221-86-3386,40,Male,1,100,2
942,Catherine Ramirez,266-08-2785,43,Female,3,100,0
943,Debra Cortez,204-14-0915,66,Male,2,307,3
944,Nicole Harrell,719-54-6967,45,Male,3,334,5
945,Kristin Hill,078-51-1483,40,Female,5,850,5
946,Yvonne Scott,506-59-7616,46,Male,2,850,7
947,Sergio Lozano,772-53-4371,50,Male,2,189,3
948,Olivia Smith,631-65-5777,22,Female,5,728,4
949,Cristina Macias,283-18-9395,68,Male,3,388,3
950,Erica Smith,440-69-2592,40,Female,3,351,1
951,Jorge Smith,524-68-8228,20,Female,1,554,5
952,Joseph Kramer,286-88-9394,64,Female,3,100,3
953,Lisa Andrews,671-32-7904,52,Male,2,331,3
954,Kelly Gray,236-49-5939,45,Male,3,411,1
955,George Davis,368-09-7529,49,Male,3,516,5
956,Billy Gonzalez,329-48-5812,69,Male,4,844,7
957,Jennifer Kennedy,075-85-1217,66,Male,3,678,4
958,Jesse Rivera,037-65-1554,30,Male,3,131,3
959,Heather Meyer,585-41-7083,64,Male,5,714,6
960,Dennis Martin,413-30-1645,56,Male,4,421,5
961,Mark Lucas,715-70-3931,22,Male,5,473,6
962,Kathryn Garza,494-79-0628,58,Male,1,314,5
963,Kathryn Vasquez,871-18-1440,66,Male,3,100,0
964,Tony Smith,387-93-0524,47,Male,2,840,6
965,Kari Jones,636-05-4682,40,Male,4,230,4
966,Anthony Ruiz,113-16-4907,20,Male,4,501,2
967,Wendy Johnson,731-18-6666,22,Male,5,100,0
968,Julie Carlson,368-01-4406,39,Male,3,100,2
969,Melissa Gray,345-83-1345,70,Female,3,283,6
970,Alex Chapman,520-96-2296,61,Female,5,284,6
971,Troy King,396-81-0594,43,Male,1,449,5
972,Sydney Abbott,840-63-8684,60,Male,2,735,7
973,Stephen Woods,210-28-7130,39,Male,2,418,1
974,Edward Jimenez,480-75-0171,22,Male,2,541,2
975,Melissa Mitchell,497-62-4769,67,Male,3,100,1
976,Dr. Melanie Brown MD,743-96-6643,19,Female,3,100,3
977,Dustin Robinson,552-83-7202,45,Male,5,100,1
978,Alfred Lewis,830-92-7339,31,Female,2,850,7
979,Johnny King,057-61-6929,27,Male,1,522,4
980,Kendra Ball,439-73-2864,59,Male,3,560,6
981,Brooke Blackburn,401-91-1886,64,Female,3,175,5
982,Keith Vasquez,094-63-2663,32,Male,4,264,4
983,Crystal Escobar,211-04-3475,29,Female,2,531,4
984,Cynthia Vincent,587-48-1248,22,Female,4,268,0
985,Sarah Zavala,669-56-6024,62,Male,3,412,1
986,Ashley Reed,357-86-9405,66,Male,4,689,5
987,Rebecca Norris,194-79-6431,45,Female,3,100,3
988,David Lawrence,742-38-2560,53,Male,3,185,5
989,Brendan Dickerson,181-24-2467,30,Female,1,100,1
990,Dr. Theodore Bernard,378-18-1910,18,Female,5,850,7
991,Ashley Parker,805-10-0847,35,Male,1,850,6
992,Beverly Lopez,761-26-4207,38,Male,2,677,4
993,Ann Schmidt,358-72-0879,62,Female,2,297,3
994,Steven Hill,663-38-1060,63,Male,2,143,3
995,Marc Torres,344-14-2288,64,Male,5,100,1
996,Barry Green,534-45-7401,47,Male,2,123,2
997,Madison Smith,895-56-8169,29,Female,3,850,6
998,Alejandro Morris,845-55-8390,43,Female,4,294,1
999,Deborah Perez,747-46-1759,30,Male,2,100,0
1000,Tina Murphy,802-29-4718,62,Female,2,797,6
